{"accuracy": 0.8333333333333334, "precision": 0.9, "recall": 0.75, "f1_score": 0.8181818181818182}